{"train": 5.604131698608398, "val": 5.385702133178711, "_timestamp": 1714385715.749102, "_runtime": 362.9510450363159, "_step": 10}